{
    "loss": 1.2908000946044922,
    "accuracy": 0.7820512652397156
}